X Filtered Pixel; Y Filtered Pixel; X Filtered Normalized; Y Filtered Normalized; X Raw Normalized; Y Raw Normalized; Distance to Camera in mm; Eye Aspect Ratio (Height/Width); Blinking; Timestamp With Milliseconds; Unix Timestamp In Milliseconds; AOI List; Additional Notes
1090;763;0.6793172;0.8448938;0.6793172;0.8448938;362.5;0.2204613;False;5/31/2026 5:41:28 PM:112;1780224088112;;
583;679;0.3633889;0.7519638;0.2090396;0.5982856;365.9;0.194456;False;5/31/2026 5:41:28 PM:225;1780224088225;;
471;655;0.2932782;0.7246928;0.204688;0.6025195;368.9;0.1952196;False;5/31/2026 5:41:28 PM:289;1780224088289;;
477;654;0.2975355;0.7244497;0.3132967;0.7067695;369.8;0.2037258;False;5/31/2026 5:41:28 PM:363;1780224088363;;
351;619;0.2186819;0.6856542;0.1799731;0.6193212;368.5;0.1920906;False;5/31/2026 5:41:47 PM:606;1780224107606;;
349;611;0.2177274;0.6764755;0.1973588;0.5687191;367.4;0.1914445;False;5/31/2026 5:41:47 PM:672;1780224107672;;
304;594;0.1896971;0.6574773;0.1332769;0.5666737;366.4;0.1954677;False;5/31/2026 5:41:49 PM:318;1780224109318;;
303;539;0.1887688;0.596925;0.1454339;0.3873694;365.4;0.1955485;False;5/31/2026 5:41:49 PM:379;1780224109379;;
288;537;0.1794463;0.5946736;0.09956775;0.5505043;366.3;0.1596912;False;5/31/2026 5:41:49 PM:443;1780224109443;;
267;537;0.1666099;0.5942144;0.08069311;0.5246498;375.9;0.1646824;False;5/31/2026 5:41:49 PM:514;1780224109514;;
255;536;0.1588082;0.5939014;0.0806943;0.524657;384.5;0.1646324;False;5/31/2026 5:41:49 PM:582;1780224109582;;
248;536;0.1549533;0.5940215;0.08471389;0.5951094;394.1;0.1582331;False;5/31/2026 5:41:49 PM:644;1780224109644;;
339;536;0.2117039;0.5931733;0.3024676;0.5605554;398.1;0.1551846;False;5/31/2026 5:41:49 PM:714;1780224109714;;
375;535;0.2339396;0.5928039;0.2914306;0.5560334;401.7;0.1551967;False;5/31/2026 5:41:49 PM:779;1780224109779;;
503;536;0.3134834;0.593015;0.430205;0.5958969;402.1;0.1636625;False;5/31/2026 5:41:49 PM:844;1780224109844;;
504;535;0.3143627;0.5926988;0.3189544;0.5719507;401.8;0.1616835;False;5/31/2026 5:41:49 PM:933;1780224109933;;
513;535;0.3199414;0.5925128;0.3490911;0.5726523;401.4;0.1613771;False;5/31/2026 5:41:50 PM:1;1780224110001;;
505;532;0.3144694;0.5886726;0.2666554;0.530628;406.1;0.1790341;False;5/31/2026 5:41:50 PM:69;1780224110069;;
504;531;0.3140965;0.5882906;0.2988696;0.5643359;411.0;0.1930929;False;5/31/2026 5:41:50 PM:169;1780224110169;;
268;501;0.1670438;0.5548052;0.0940533;0.4828329;404.3;0.1922341;False;5/31/2026 5:41:56 PM:220;1780224116220;;
274;498;0.1710342;0.5518901;0.1866154;0.4647436;398.3;0.1898212;False;5/31/2026 5:41:56 PM:285;1780224116285;;
328;484;0.2047723;0.5356512;0.2786754;0.4047609;394.9;0.1762096;False;5/31/2026 5:41:56 PM:350;1780224116350;;
288;483;0.1794078;0.5351605;0.07999224;0.5310123;394.0;0.1882679;False;5/31/2026 5:41:56 PM:413;1780224116413;;
264;486;0.164783;0.5379709;0.08234973;0.5594277;393.1;0.1884622;False;5/31/2026 5:41:56 PM:476;1780224116476;;
263;483;0.1638703;0.5351768;0.1388215;0.474336;388.3;0.1763292;False;5/31/2026 5:41:56 PM:545;1780224116545;;
262;482;0.1632791;0.5333526;0.1387265;0.4742223;383.9;0.176294;False;5/31/2026 5:41:56 PM:608;1780224116608;;
272;484;0.1695516;0.5356796;0.2007183;0.5560178;384.2;0.187968;False;5/31/2026 5:41:56 PM:674;1780224116674;;
253;498;0.1581034;0.5509346;0.09316447;0.6274563;383.1;0.1981625;False;5/31/2026 5:41:56 PM:740;1780224116740;;
261;495;0.1625207;0.5476119;0.1900532;0.5002953;381.5;0.187764;False;5/31/2026 5:41:56 PM:804;1780224116804;;
265;493;0.1653432;0.5454106;0.1902349;0.5005417;380.0;0.1878361;False;5/31/2026 5:41:56 PM:868;1780224116868;;
261;501;0.1628561;0.5547939;0.1338854;0.6146116;379.2;0.1895735;False;5/31/2026 5:41:56 PM:936;1780224116936;;
258;506;0.1612578;0.5604187;0.1350405;0.6109196;378.5;0.1894667;False;5/31/2026 5:41:57 PM:10;1780224117010;;
271;506;0.1688558;0.560462;0.2024022;0.5640795;376.2;0.1988694;False;5/31/2026 5:41:57 PM:120;1780224117120;;
305;506;0.189965;0.5603854;0.2616386;0.5564489;376.3;0.1921089;False;5/31/2026 5:41:57 PM:196;1780224117196;;
283;524;0.1765894;0.5802914;0.1211968;0.6793004;375.1;0.1887686;False;5/31/2026 5:41:57 PM:266;1780224117266;;
280;524;0.1745383;0.5802948;0.1490883;0.5804023;373.4;0.2004147;False;5/31/2026 5:41:57 PM:334;1780224117334;;
280;524;0.174467;0.580319;0.1655575;0.5812876;371.9;0.2007003;False;5/31/2026 5:41:57 PM:422;1780224117422;;
280;524;0.1745448;0.5803517;0.1762888;0.5820597;373.0;0.1981947;False;5/31/2026 5:41:57 PM:558;1780224117558;;
295;482;0.1840566;0.5335883;0.224551;0.419812;372.7;0.1928161;False;5/31/2026 5:41:57 PM:681;1780224117681;;
288;489;0.1799224;0.5413728;0.156019;0.5846199;369.6;0.2094104;False;5/31/2026 5:41:57 PM:808;1780224117808;;
280;500;0.1747139;0.5531208;0.1349489;0.6314579;366.3;0.1901219;False;5/31/2026 5:41:57 PM:878;1780224117878;;
273;504;0.1701495;0.5577992;0.1286306;0.6170665;364.7;0.1934019;False;5/31/2026 5:41:57 PM:947;1780224117947;;
270;506;0.1685941;0.5598708;0.1410037;0.6038888;364.1;0.1950297;False;5/31/2026 5:41:58 PM:71;1780224118071;;
262;507;0.1632997;0.5618101;0.113479;0.6145442;362.4;0.1828697;False;5/31/2026 5:41:58 PM:140;1780224118140;;
254;508;0.1582723;0.5620179;0.1134436;0.6015458;360.9;0.1831117;False;5/31/2026 5:41:58 PM:275;1780224118275;;
258;500;0.1607523;0.5538695;0.1769656;0.5043147;359.9;0.1909029;False;5/31/2026 5:41:58 PM:343;1780224118343;;
257;498;0.1604795;0.5510939;0.1511435;0.5199169;358.7;0.1921793;False;5/31/2026 5:41:58 PM:411;1780224118411;;
257;475;0.1606255;0.5255476;0.1623378;0.4419172;357.7;0.1924778;False;5/31/2026 5:41:58 PM:552;1780224118552;;
263;456;0.1642799;0.504597;0.18698;0.4146921;357.0;0.1752819;False;5/31/2026 5:41:58 PM:690;1780224118690;;
261;468;0.1629413;0.5182019;0.144707;0.583442;358.2;0.1889764;False;5/31/2026 5:41:58 PM:759;1780224118759;;
253;470;0.1576035;0.520754;0.1184299;0.5489871;358.1;0.1890521;False;5/31/2026 5:41:58 PM:831;1780224118831;;
247;472;0.1543825;0.5223371;0.1184277;0.5489696;358.1;0.1890535;False;5/31/2026 5:41:58 PM:899;1780224118899;;
248;472;0.1545669;0.522592;0.1578264;0.5357092;357.8;0.1874422;False;5/31/2026 5:41:58 PM:966;1780224118966;;
243;473;0.1516654;0.5236133;0.1166787;0.550554;359.3;0.1895696;False;5/31/2026 5:41:59 PM:32;1780224119032;;
244;473;0.1521626;0.5236816;0.1578363;0.5281932;360.6;0.1896654;False;5/31/2026 5:41:59 PM:140;1780224119140;;
314;457;0.1959371;0.5063916;0.2730311;0.4351079;362.5;0.1934303;False;5/31/2026 5:41:59 PM:265;1780224119265;;
307;466;0.1911981;0.5160641;0.1569165;0.5782853;364.4;0.1963415;False;5/31/2026 5:41:59 PM:336;1780224119336;;
307;470;0.1917375;0.5202881;0.2005102;0.5580888;366.1;0.1970455;False;5/31/2026 5:41:59 PM:478;1780224119478;;
270;491;0.1685978;0.543982;0.1111142;0.6330648;364.0;0.1903128;False;5/31/2026 5:41:59 PM:625;1780224119625;;
255;491;0.1589068;0.5440089;0.1007626;0.5829636;364.8;0.1826971;False;5/31/2026 5:41:59 PM:697;1780224119697;;
250;473;0.1558316;0.5234241;0.1198193;0.4608893;364.2;0.1892103;False;5/31/2026 5:41:59 PM:841;1780224119841;;
250;472;0.1556871;0.5224765;0.154238;0.503215;362.1;0.1849534;False;5/31/2026 5:41:59 PM:942;1780224119942;;
299;466;0.186259;0.5154896;0.2649031;0.4526757;361.9;0.1915279;False;5/31/2026 5:42:00 PM:12;1780224120012;;
331;463;0.2062164;0.5132145;0.2743615;0.4677823;361.8;0.1916112;False;5/31/2026 5:42:00 PM:80;1780224120080;;
295;473;0.1840778;0.5232871;0.1108988;0.5829106;361.8;0.1868355;False;5/31/2026 5:42:00 PM:152;1780224120152;;
264;456;0.1644911;0.5047725;0.08837421;0.4050699;360.9;0.1791737;False;5/31/2026 5:42:00 PM:217;1780224120217;;
242;451;0.1511808;0.499044;0.08265851;0.4320253;360.1;0.1792101;False;5/31/2026 5:42:00 PM:280;1780224120280;;
228;447;0.1420748;0.4949982;0.08122907;0.431958;358.1;0.1852732;False;5/31/2026 5:42:00 PM:346;1780224120346;;
223;471;0.1392378;0.522024;0.0960749;0.6184714;357.4;0.1908863;False;5/31/2026 5:42:00 PM:417;1780224120417;;
220;485;0.1374256;0.5371898;0.09608265;0.6184769;356.9;0.1908631;False;5/31/2026 5:42:00 PM:484;1780224120484;;
219;460;0.1367247;0.509212;0.1000535;0.3960782;357.6;0.1749685;False;5/31/2026 5:42:00 PM:553;1780224120553;;
219;453;0.136565;0.5011105;0.1060131;0.4296685;356.6;0.1921032;False;5/31/2026 5:42:00 PM:618;1780224120618;;
217;452;0.1352426;0.5003338;0.09390881;0.4646351;355.7;0.1921903;False;5/31/2026 5:42:00 PM:682;1780224120682;;
212;448;0.1323671;0.4962285;0.08236019;0.4343113;355.4;0.1917394;False;5/31/2026 5:42:00 PM:748;1780224120748;;
212;448;0.1321503;0.4961016;0.09429506;0.4937091;355.4;0.1897203;False;5/31/2026 5:42:00 PM:814;1780224120814;;
212;449;0.1320589;0.4975633;0.09482864;0.5172813;355.4;0.18971;False;5/31/2026 5:42:00 PM:878;1780224120878;;
209;449;0.1305858;0.4974912;0.08475904;0.4910282;356.1;0.178385;False;5/31/2026 5:42:00 PM:945;1780224120945;;
229;448;0.1430135;0.4965301;0.1867235;0.467336;356.1;0.2036681;False;5/31/2026 5:42:01 PM:13;1780224121013;;
231;448;0.1441847;0.4964335;0.1558268;0.4899076;356.1;0.2031845;False;5/31/2026 5:42:01 PM:75;1780224121075;;
231;444;0.1440511;0.4920618;0.127596;0.4358648;357.8;0.185728;False;5/31/2026 5:42:01 PM:139;1780224121139;;
233;454;0.1452548;0.5031233;0.1591732;0.5703205;359.5;0.1967495;False;5/31/2026 5:42:01 PM:202;1780224121202;;
234;461;0.146061;0.5101618;0.1591673;0.5703168;360.9;0.196747;False;5/31/2026 5:42:01 PM:267;1780224121267;;
228;465;0.1420626;0.5148902;0.1059182;0.5708872;359.6;0.1913509;False;5/31/2026 5:42:01 PM:331;1780224121331;;
225;467;0.1403967;0.5174495;0.1123753;0.5664181;358.5;0.1912603;False;5/31/2026 5:42:01 PM:393;1780224121393;;
303;455;0.1892422;0.5033858;0.2920404;0.4281451;362.6;0.2033328;False;5/31/2026 5:42:01 PM:456;1780224121456;;
287;465;0.1788661;0.5147236;0.1172415;0.5951707;361.9;0.1861003;False;5/31/2026 5:42:01 PM:522;1780224121522;;
274;472;0.1710926;0.5228062;0.1122398;0.5994608;361.3;0.1860702;False;5/31/2026 5:42:01 PM:586;1780224121586;;
260;477;0.162464;0.527949;0.09856347;0.5979547;360.8;0.1971031;False;5/31/2026 5:42:01 PM:651;1780224121651;;
259;478;0.1617891;0.5292635;0.1449127;0.5814825;361.6;0.2041364;False;5/31/2026 5:42:01 PM:715;1780224121715;;
259;479;0.1613217;0.5301877;0.1449924;0.5815338;362.3;0.2041934;False;5/31/2026 5:42:01 PM:779;1780224121779;;
259;479;0.1613212;0.530854;0.1613132;0.559918;361.6;0.2019258;False;5/31/2026 5:42:01 PM:843;1780224121843;;
273;480;0.1705435;0.5314377;0.2159182;0.5476579;364.1;0.1927358;False;5/31/2026 5:42:01 PM:906;1780224121906;;
282;480;0.1758108;0.5318475;0.2134413;0.5493088;366.3;0.1926873;False;5/31/2026 5:42:01 PM:968;1780224121968;;
286;481;0.1784874;0.5321695;0.2081479;0.5475847;366.0;0.1952654;False;5/31/2026 5:42:02 PM:37;1780224122037;;
273;479;0.1703987;0.5309092;0.1251128;0.5128285;365.5;0.1783352;False;5/31/2026 5:42:02 PM:100;1780224122100;;
269;479;0.1676174;0.5299588;0.1382754;0.5121912;365.0;0.1783193;False;5/31/2026 5:42:02 PM:167;1780224122167;;
260;468;0.1621205;0.518389;0.1193792;0.4449069;368.9;0.1466838;False;5/31/2026 5:42:02 PM:238;1780224122238;;
241;459;0.1500821;0.5085573;0.08496518;0.4306423;372.3;0.1467933;False;5/31/2026 5:42:02 PM:304;1780224122304;;
240;441;0.1494778;0.488064;0.1220864;0.3746986;374.6;0.1643755;False;5/31/2026 5:42:02 PM:368;1780224122368;;
808;284;0.5037066;0.3151757;0.5800162;0.201945;368.5;0.2240876;False;5/31/2026 5:42:20 PM:527;1780224140527;;
812;282;0.5060824;0.3128963;0.5847383;0.1944273;363.1;0.2237778;False;5/31/2026 5:42:20 PM:610;1780224140610;;
757;580;0.471922;0.6424131;0.44749;0.746941;361.9;0.1394825;False;5/31/2026 5:42:34 PM:316;1780224154316;;
757;581;0.4716682;0.6435466;0.4458065;0.7332992;360.8;0.1392614;False;5/31/2026 5:42:34 PM:380;1780224154380;;
753;583;0.4692933;0.6459392;0.4288318;0.751556;362.3;0.1582343;False;5/31/2026 5:42:34 PM:449;1780224154449;;
753;586;0.4691863;0.6482636;0.4435236;0.7549204;363.6;0.1582791;False;5/31/2026 5:42:34 PM:517;1780224154517;;
748;589;0.4662094;0.6522651;0.4224274;0.7086762;363.6;0.1705265;False;5/31/2026 5:42:34 PM:597;1780224154597;;
747;591;0.4656792;0.6544318;0.4582556;0.7466432;363.4;0.1724472;False;5/31/2026 5:42:34 PM:670;1780224154670;;
747;594;0.4652886;0.6573166;0.4455092;0.7455815;361.9;0.1801771;False;5/31/2026 5:42:35 PM:29;1780224155029;;
746;596;0.4650631;0.6595358;0.4495466;0.7567559;360.6;0.1802348;False;5/31/2026 5:42:35 PM:94;1780224155094;;
746;598;0.4645715;0.6624564;0.4394715;0.7055006;359.5;0.18263;False;5/31/2026 5:42:35 PM:158;1780224155158;;
745;592;0.464395;0.6552619;0.4473667;0.6202576;361.5;0.1795514;False;5/31/2026 5:42:35 PM:230;1780224155230;;
745;588;0.4642859;0.6511872;0.4472579;0.6201759;363.3;0.1796044;False;5/31/2026 5:42:35 PM:295;1780224155295;;
745;590;0.4642177;0.6532062;0.4470332;0.7013556;362.1;0.1684243;False;5/31/2026 5:42:35 PM:360;1780224155360;;
745;589;0.4640888;0.6524982;0.4490221;0.6419522;360.7;0.1649049;False;5/31/2026 5:42:35 PM:424;1780224155424;;
745;589;0.4640464;0.6517996;0.4477326;0.6388592;359.4;0.1649146;False;5/31/2026 5:42:35 PM:488;1780224155488;;
666;586;0.4149798;0.6486137;0.3012099;0.6112139;360.1;0.1569678;False;5/31/2026 5:42:35 PM:554;1780224155554;;
673;598;0.4194584;0.6618043;0.4506501;0.7416709;357.6;0.1806782;False;5/31/2026 5:42:35 PM:624;1780224155624;;
678;606;0.4221753;0.67047;0.4508932;0.7458795;355.3;0.1807119;False;5/31/2026 5:42:35 PM:689;1780224155689;;
676;602;0.4213236;0.6667817;0.4075786;0.6327607;356.7;0.1823155;False;5/31/2026 5:42:35 PM:757;1780224155757;;
604;603;0.3764752;0.6671804;0.276801;0.6881247;355.5;0.2350627;False;5/31/2026 5:42:35 PM:828;1780224155828;;
559;603;0.3484739;0.6672221;0.2643389;0.6821761;354.5;0.2346054;False;5/31/2026 5:42:35 PM:893;1780224155893;;
257;565;0.1605578;0.625636;0.08592471;0.5630187;352.4;0.2219899;False;5/31/2026 5:42:39 PM:415;1780224159415;;
249;545;0.1554619;0.60342;0.07543593;0.4683305;350.4;0.2204524;False;5/31/2026 5:42:39 PM:480;1780224159480;;
248;479;0.1546448;0.5302839;0.09505139;0.331483;348.1;0.2401409;False;5/31/2026 5:42:39 PM:552;1780224159552;;
262;505;0.163403;0.5594279;0.1927514;0.6557588;394.4;0.2452948;False;5/31/2026 5:42:39 PM:617;1780224159617;;
273;522;0.1705655;0.5775849;0.2008686;0.659563;436.0;0.2448734;False;5/31/2026 5:42:39 PM:685;1780224159685;;
291;532;0.1817379;0.5892965;0.2273001;0.6622424;479.5;0.2636652;False;5/31/2026 5:42:39 PM:751;1780224159751;;
263;533;0.1638854;0.5897397;0.0886176;0.6087375;514.2;0.2597975;False;5/31/2026 5:42:39 PM:816;1780224159816;;
245;533;0.1530494;0.5899606;0.08807058;0.606761;545.5;0.2590169;False;5/31/2026 5:42:39 PM:880;1780224159880;;
265;540;0.1650866;0.5981367;0.2122755;0.668294;576.0;0.2187601;False;5/31/2026 5:42:39 PM:950;1780224159950;;
264;540;0.1643869;0.598223;0.1433599;0.6193425;608.9;0.2136187;False;5/31/2026 5:42:40 PM:15;1780224160015;;
262;540;0.16359;0.5984142;0.1398713;0.6132876;638.5;0.2133904;False;5/31/2026 5:42:40 PM:78;1780224160078;;
323;533;0.2012105;0.5904171;0.2420943;0.5646707;609.1;0.2293106;False;5/31/2026 5:42:43 PM:89;1780224163089;;
320;551;0.1997821;0.6098052;0.1925935;0.6792635;582.7;0.2203231;False;5/31/2026 5:42:43 PM:213;1780224163213;;
354;557;0.2209397;0.6165167;0.304441;0.6802495;558.8;0.2210645;False;5/31/2026 5:42:43 PM:278;1780224163278;;
370;558;0.2307985;0.6174328;0.2953052;0.6512046;536.9;0.2279818;False;5/31/2026 5:42:43 PM:342;1780224163342;;
373;558;0.232678;0.6180689;0.27343;0.6509619;517.2;0.227748;False;5/31/2026 5:42:43 PM:408;1780224163408;;
333;549;0.2075865;0.608071;0.1390919;0.5462604;496.9;0.1995463;False;5/31/2026 5:42:43 PM:474;1780224163474;;
315;531;0.1965232;0.5881314;0.1481721;0.4906268;479.3;0.2042987;False;5/31/2026 5:42:43 PM:539;1780224163539;;
319;518;0.1988137;0.5735717;0.2294939;0.4811229;464.3;0.2017435;False;5/31/2026 5:42:43 PM:602;1780224163602;;
320;512;0.1997766;0.5668512;0.2242617;0.4945596;450.8;0.2016964;False;5/31/2026 5:42:43 PM:666;1780224163666;;
469;522;0.2926201;0.5784901;0.4360606;0.6433746;439.7;0.1648572;False;5/31/2026 5:42:43 PM:732;1780224163732;;
544;530;0.3391209;0.5864488;0.4358078;0.6448841;429.7;0.1648285;False;5/31/2026 5:42:43 PM:801;1780224163801;;
391;531;0.2434847;0.5876313;0.1105141;0.6138417;425.3;0.1615217;False;5/31/2026 5:42:43 PM:879;1780224163879;;
438;529;0.2730368;0.5853659;0.3582375;0.5565789;420.5;0.1551625;False;5/31/2026 5:42:43 PM:958;1780224163958;;
445;526;0.2776093;0.5820222;0.3238396;0.5377346;417.2;0.1632519;False;5/31/2026 5:42:44 PM:22;1780224164022;;
450;524;0.2803053;0.5805161;0.3216162;0.5451646;414.2;0.1633737;False;5/31/2026 5:42:44 PM:87;1780224164087;;
528;553;0.3293381;0.6126622;0.4436397;0.7257089;408.7;0.1837488;False;5/31/2026 5:42:44 PM:158;1780224164158;;
580;577;0.3612025;0.6385385;0.4586685;0.7511879;404.3;0.183657;False;5/31/2026 5:42:44 PM:224;1780224164224;;
609;591;0.379523;0.654284;0.4586838;0.7511489;400.3;0.1836054;False;5/31/2026 5:42:44 PM:290;1780224164290;;
628;596;0.3910964;0.6598987;0.4594743;0.729566;397.5;0.1700082;False;5/31/2026 5:42:44 PM:358;1780224164358;;
637;604;0.3969499;0.6684206;0.4552908;0.7565051;394.2;0.1705293;False;5/31/2026 5:42:44 PM:421;1780224164421;;
643;609;0.4006789;0.6747038;0.4547091;0.7600175;391.2;0.1705561;False;5/31/2026 5:42:44 PM:482;1780224164482;;
645;615;0.4020709;0.680903;0.44741;0.769171;388.2;0.1858604;False;5/31/2026 5:42:44 PM:546;1780224164546;;
647;619;0.4030795;0.6852574;0.4474079;0.7691691;385.6;0.1858606;False;5/31/2026 5:42:44 PM:613;1780224164613;;
650;620;0.4047536;0.6868333;0.4530955;0.7112229;383.2;0.168594;False;5/31/2026 5:42:44 PM:684;1780224164684;;
495;613;0.3085544;0.678228;0.189613;0.6319814;382.7;0.194261;False;5/31/2026 5:42:44 PM:757;1780224164757;;
415;611;0.2588559;0.676389;0.1704729;0.6537915;382.2;0.2227111;False;5/31/2026 5:42:44 PM:820;1780224164820;;
381;610;0.2372748;0.6754909;0.1803987;0.658203;381.7;0.2226564;False;5/31/2026 5:42:44 PM:885;1780224164885;;
428;611;0.2669261;0.6759675;0.3350099;0.6891396;376.0;0.1711464;False;5/31/2026 5:42:45 PM:229;1780224165229;;
447;608;0.2786765;0.6734563;0.3629327;0.64033;370.8;0.1698752;False;5/31/2026 5:42:45 PM:293;1780224165293;;
561;615;0.3497251;0.6803966;0.4649926;0.7289307;370.5;0.1737851;False;5/31/2026 5:42:45 PM:423;1780224165423;;
596;618;0.3712569;0.6843674;0.4639028;0.7390298;370.3;0.173924;False;5/31/2026 5:42:45 PM:494;1780224165494;;
616;620;0.383835;0.6866874;0.463768;0.7370873;370.6;0.177832;False;5/31/2026 5:42:45 PM:565;1780224165565;;
626;624;0.3899567;0.6910347;0.4589518;0.7582693;370.7;0.1768565;False;5/31/2026 5:42:45 PM:629;1780224165629;;
633;627;0.3941524;0.6940879;0.4587587;0.7581836;370.8;0.1767806;False;5/31/2026 5:42:45 PM:696;1780224165696;;
579;629;0.3609074;0.696678;0.3303481;0.7154006;369.0;0.1745049;False;5/31/2026 5:42:48 PM:126;1780224168126;;
564;628;0.3514555;0.6947759;0.2891701;0.6712918;367.4;0.1746971;False;5/31/2026 5:42:48 PM:198;1780224168198;;
526;579;0.327893;0.6406564;0.2781679;0.5704961;369.9;0.192884;False;5/31/2026 5:42:54 PM:466;1780224174466;;
524;576;0.3266409;0.6379957;0.3162581;0.5562242;364.6;0.2382009;False;5/31/2026 5:42:54 PM:540;1780224174540;;
523;575;0.3259233;0.6363832;0.3162272;0.5562064;359.8;0.2381795;False;5/31/2026 5:42:54 PM:607;1780224174607;;
548;573;0.3412802;0.6343138;0.3905151;0.587712;360.1;0.1842022;False;5/31/2026 5:42:54 PM:687;1780224174687;;
677;575;0.4215973;0.6366477;0.4784237;0.6427091;358.8;0.2191366;False;5/31/2026 5:42:56 PM:817;1780224176817;;
678;574;0.4226359;0.6358875;0.4747917;0.6153609;357.7;0.2206311;False;5/31/2026 5:42:56 PM:881;1780224176881;;
680;550;0.4236763;0.6087942;0.4604418;0.4913183;354.8;0.2049008;False;5/31/2026 5:42:56 PM:946;1780224176946;;
545;541;0.3398953;0.5992408;0.2913052;0.5552073;352.0;0.2324187;False;5/31/2026 5:43:00 PM:606;1780224180606;;
635;541;0.3957082;0.5987217;0.4897681;0.5898138;351.2;0.2046534;False;5/31/2026 5:43:00 PM:677;1780224180677;;
657;540;0.4094934;0.5983524;0.4559129;0.5882934;351.4;0.2232745;False;5/31/2026 5:43:00 PM:745;1780224180745;;
666;540;0.4148758;0.5982417;0.4431313;0.5956693;348.2;0.2404782;False;5/31/2026 5:43:00 PM:825;1780224180825;;
671;540;0.4181367;0.5983249;0.4431066;0.6004555;345.4;0.2406467;False;5/31/2026 5:43:00 PM:908;1780224180908;;
715;540;0.4457365;0.5973807;0.5103304;0.5730215;343.3;0.2418438;False;5/31/2026 5:43:01 PM:43;1780224181043;;
708;534;0.4411924;0.5917016;0.4239618;0.5485349;342.5;0.2396301;False;5/31/2026 5:43:01 PM:421;1780224181421;;
708;525;0.441171;0.581276;0.4362864;0.4878387;341.9;0.2350538;False;5/31/2026 5:43:01 PM:483;1780224181483;;
721;527;0.4491156;0.5837355;0.4950052;0.6060411;341.0;0.2430523;False;5/31/2026 5:43:01 PM:547;1780224181547;;
723;527;0.4502034;0.5834584;0.4704311;0.5699725;339.2;0.2264927;False;5/31/2026 5:43:01 PM:613;1780224181613;;
724;527;0.4509317;0.5832674;0.4704259;0.5699967;337.6;0.2263728;False;5/31/2026 5:43:01 PM:677;1780224181677;;
743;526;0.4628894;0.5829565;0.5067639;0.5715972;336.7;0.2457075;False;5/31/2026 5:43:01 PM:907;1780224181907;;
744;516;0.4638194;0.5713716;0.4975298;0.4859295;335.9;0.2440098;False;5/31/2026 5:43:01 PM:971;1780224181971;;
743;478;0.4630557;0.5289999;0.4555818;0.3751634;335.7;0.229996;False;5/31/2026 5:43:02 PM:36;1780224182036;;
742;464;0.4621031;0.5139113;0.4509134;0.4075652;335.6;0.2304307;False;5/31/2026 5:43:02 PM:98;1780224182098;;
741;464;0.4615709;0.5132824;0.4524646;0.5000379;335.5;0.2289047;False;5/31/2026 5:43:02 PM:163;1780224182163;;
738;470;0.4598085;0.5208876;0.4382744;0.5718054;336.0;0.2277077;False;5/31/2026 5:43:02 PM:225;1780224182225;;
736;475;0.4585294;0.5261546;0.4382857;0.5718289;336.5;0.2278418;False;5/31/2026 5:43:02 PM:295;1780224182295;;
736;507;0.4584864;0.5616345;0.4555971;0.6651602;340.9;0.1729424;False;5/31/2026 5:43:02 PM:417;1780224182417;;
736;513;0.4583792;0.568218;0.4496284;0.6415976;344.8;0.1730279;False;5/31/2026 5:43:02 PM:480;1780224182480;;
737;514;0.4589558;0.56862;0.4701624;0.5793842;348.6;0.1584894;False;5/31/2026 5:43:02 PM:545;1780224182545;;
737;514;0.4593539;0.568899;0.4702092;0.5794534;352.0;0.1582325;False;5/31/2026 5:43:02 PM:608;1780224182608;;
736;525;0.4586014;0.5808977;0.4468384;0.6556038;354.4;0.1505557;False;5/31/2026 5:43:02 PM:731;1780224182731;;
736;527;0.4583906;0.5838407;0.448087;0.6471564;356.5;0.1523038;False;5/31/2026 5:43:02 PM:796;1780224182796;;
731;527;0.4557551;0.5839915;0.4244523;0.6289262;360.3;0.1533237;False;5/31/2026 5:43:02 PM:861;1780224182861;;
731;528;0.4556824;0.5840974;0.4429026;0.6264058;364.0;0.1505947;False;5/31/2026 5:43:02 PM:927;1780224182927;;
731;528;0.4556316;0.5841741;0.4429029;0.6264103;367.3;0.1506611;False;5/31/2026 5:43:02 PM:989;1780224182989;;
731;530;0.4556023;0.5865976;0.4445806;0.6501221;367.7;0.1647643;False;5/31/2026 5:43:03 PM:54;1780224183054;;
731;530;0.4555281;0.5868888;0.4525822;0.6370032;370.0;0.1665069;False;5/31/2026 5:43:03 PM:118;1780224183118;;
731;530;0.4554693;0.5873785;0.4510667;0.6402188;372.1;0.1662939;False;5/31/2026 5:43:03 PM:181;1780224183181;;
731;531;0.4556623;0.5874441;0.4607419;0.6367726;373.6;0.171757;False;5/31/2026 5:43:03 PM:245;1780224183245;;
732;531;0.4558376;0.5876946;0.4617283;0.633205;374.9;0.1714255;False;5/31/2026 5:43:03 PM:308;1780224183308;;
714;532;0.4449635;0.5885274;0.3889068;0.6196125;373.4;0.2046514;False;5/31/2026 5:43:03 PM:373;1780224183373;;
714;531;0.4447079;0.5883107;0.4295384;0.5853981;374.3;0.1807518;False;5/31/2026 5:43:03 PM:438;1780224183438;;
709;531;0.4417411;0.5883773;0.405158;0.589856;375.1;0.1802758;False;5/31/2026 5:43:03 PM:499;1780224183499;;
693;531;0.432002;0.5882598;0.3703903;0.5853202;377.4;0.1948032;False;5/31/2026 5:43:03 PM:563;1780224183563;;
700;540;0.4361463;0.5979185;0.4629627;0.6771659;375.0;0.1887913;False;5/31/2026 5:43:03 PM:626;1780224183626;;
702;549;0.4375467;0.6077637;0.4541942;0.6941346;372.8;0.188661;False;5/31/2026 5:43:03 PM:691;1780224183691;;
697;549;0.4343301;0.6075881;0.4016729;0.6050255;374.2;0.1975189;False;5/31/2026 5:43:03 PM:760;1780224183760;;
700;556;0.4363243;0.6152339;0.4534475;0.6831934;375.1;0.214827;False;5/31/2026 5:43:03 PM:860;1780224183860;;
703;553;0.438046;0.6126036;0.45901;0.5906071;372.7;0.2362145;False;5/31/2026 5:43:03 PM:944;1780224183944;;
723;543;0.4508053;0.6010411;0.5127996;0.5315103;371.6;0.2400319;False;5/31/2026 5:43:04 PM:10;1780224184010;;
736;536;0.458428;0.5939657;0.5127961;0.5315179;370.6;0.2400239;False;5/31/2026 5:43:04 PM:72;1780224184072;;
829;521;0.5163239;0.5765586;0.6389583;0.4765171;368.7;0.2355532;False;5/31/2026 5:43:04 PM:137;1780224184137;;
878;511;0.5467997;0.5656989;0.6389359;0.4765956;367.0;0.2355582;False;5/31/2026 5:43:04 PM:201;1780224184201;;
896;491;0.5580185;0.543564;0.6197056;0.4202578;365.6;0.2290372;False;5/31/2026 5:43:04 PM:265;1780224184265;;
934;488;0.5820099;0.5403303;0.6694355;0.4704619;364.5;0.2225335;False;5/31/2026 5:43:04 PM:329;1780224184329;;
958;486;0.5965225;0.5380468;0.6694565;0.4703984;363.6;0.2225404;False;5/31/2026 5:43:04 PM:395;1780224184395;;
893;504;0.5560586;0.5581439;0.4651141;0.6393697;367.5;0.1979561;False;5/31/2026 5:43:04 PM:458;1780224184458;;
844;522;0.5257095;0.57803;0.4468046;0.665531;369.1;0.1729432;False;5/31/2026 5:43:04 PM:523;1780224184523;;
817;533;0.5092491;0.5898252;0.4468052;0.6655312;370.6;0.1729382;False;5/31/2026 5:43:04 PM:584;1780224184584;;
720;535;0.4485642;0.5919964;0.3325838;0.6301501;368.4;0.1466428;False;5/31/2026 5:43:04 PM:649;1780224184649;;
683;535;0.4255232;0.5919716;0.3526912;0.5909305;369.5;0.155689;False;5/31/2026 5:43:04 PM:713;1780224184713;;
661;535;0.4120707;0.5919537;0.35264;0.590914;370.5;0.1556754;False;5/31/2026 5:43:04 PM:777;1780224184777;;
629;535;0.3922391;0.5919415;0.3173939;0.5909601;373.1;0.1700591;False;5/31/2026 5:43:04 PM:842;1780224184842;;
607;535;0.3783434;0.5918972;0.3106111;0.5884404;375.5;0.1701239;False;5/31/2026 5:43:04 PM:904;1780224184904;;
562;535;0.3500809;0.5919404;0.2583849;0.597969;375.7;0.1583461;False;5/31/2026 5:43:04 PM:971;1780224184971;;
592;535;0.3687666;0.5924945;0.4323286;0.6121482;378.6;0.1630443;False;5/31/2026 5:43:05 PM:36;1780224185036;;
610;536;0.3802777;0.5930279;0.4309261;0.6139113;381.2;0.1630279;False;5/31/2026 5:43:05 PM:110;1780224185110;;
625;536;0.3891748;0.5930827;0.4412955;0.5992992;380.3;0.1552072;False;5/31/2026 5:43:05 PM:173;1780224185173;;
639;548;0.3978841;0.6065378;0.4341612;0.6634312;379.3;0.1331373;True;5/31/2026 5:43:05 PM:516;1780224185516;;
642;548;0.4003344;0.6066166;0.4427827;0.6452119;378.4;0.134213;True;5/31/2026 5:43:05 PM:580;1780224185580;;
646;549;0.4028025;0.6079441;0.4471799;0.6594527;378.9;0.1457287;False;5/31/2026 5:43:05 PM:649;1780224185649;;
649;550;0.4041835;0.609231;0.445469;0.6630448;379.3;0.1456916;False;5/31/2026 5:43:05 PM:714;1780224185714;;
650;552;0.4050583;0.6109291;0.4427722;0.6655225;378.1;0.1732006;False;5/31/2026 5:43:05 PM:835;1780224185835;;
651;552;0.4055558;0.6113968;0.4442289;0.6637985;377.1;0.1743991;False;5/31/2026 5:43:05 PM:897;1780224185897;;
633;553;0.3945204;0.6122284;0.3525143;0.6274599;373.7;0.1699195;False;5/31/2026 5:43:05 PM:964;1780224185964;;
637;553;0.3966489;0.6128233;0.4335094;0.6275039;373.2;0.1484965;False;5/31/2026 5:43:06 PM:34;1780224186034;;
637;554;0.3968633;0.6132364;0.4177822;0.6256367;372.9;0.1488083;False;5/31/2026 5:43:06 PM:112;1780224186112;;
637;551;0.3966514;0.609718;0.3941229;0.5777093;374.9;0.1588125;False;5/31/2026 5:43:06 PM:187;1780224186187;;
640;551;0.3989983;0.609984;0.4343066;0.6274155;374.8;0.148324;False;5/31/2026 5:43:06 PM:251;1780224186251;;
645;556;0.4016957;0.6150492;0.4415943;0.6740549;375.1;0.1590217;False;5/31/2026 5:43:06 PM:314;1780224186314;;
648;559;0.4036625;0.6186711;0.4416432;0.6740094;375.4;0.1589832;False;5/31/2026 5:43:06 PM:383;1780224186383;;
575;559;0.3580793;0.6186944;0.2628459;0.6476703;375.6;0.1646942;False;5/31/2026 5:43:06 PM:445;1780224186445;;
544;559;0.3392762;0.6187552;0.2764053;0.6485326;375.9;0.1644759;False;5/31/2026 5:43:06 PM:507;1780224186507;;
535;559;0.3336627;0.6194337;0.2979807;0.6583583;374.0;0.1609259;False;5/31/2026 5:43:06 PM:570;1780224186570;;
502;558;0.31266;0.6182362;0.2384561;0.60281;375.5;0.1775548;False;5/31/2026 5:43:06 PM:633;1780224186633;;
486;557;0.3027908;0.6171203;0.2472322;0.599043;376.9;0.1775065;False;5/31/2026 5:43:06 PM:696;1780224186696;;
523;559;0.3258599;0.6187369;0.3992288;0.6540142;378.1;0.1549712;False;5/31/2026 5:43:06 PM:761;1780224186761;;
576;560;0.3588773;0.619605;0.449569;0.6511648;379.8;0.1563975;False;5/31/2026 5:43:06 PM:824;1780224186824;;
606;561;0.3775068;0.6209022;0.4500015;0.6598995;381.4;0.1560222;False;5/31/2026 5:43:06 PM:885;1780224186885;;
622;561;0.387693;0.6210943;0.4452761;0.6279308;382.2;0.1737536;False;5/31/2026 5:43:06 PM:949;1780224186949;;
628;562;0.3912504;0.6226754;0.4316612;0.6633599;381.0;0.1598438;False;5/31/2026 5:43:07 PM:15;1780224187015;;
632;563;0.3935244;0.6237167;0.4316783;0.6633241;380.0;0.159654;False;5/31/2026 5:43:07 PM:75;1780224187075;;
640;571;0.3986554;0.6320653;0.4502664;0.7135423;380.4;0.1711713;False;5/31/2026 5:43:07 PM:140;1780224187140;;
645;571;0.4022213;0.632561;0.4495257;0.6428179;382.3;0.2139277;False;5/31/2026 5:43:07 PM:214;1780224187214;;
649;572;0.404126;0.6327959;0.448137;0.6392683;384.0;0.2135273;False;5/31/2026 5:43:07 PM:279;1780224187279;;
667;570;0.4158833;0.6312437;0.4908989;0.6102531;384.8;0.2265757;False;5/31/2026 5:43:07 PM:345;1780224187345;;
674;569;0.4197032;0.6297611;0.475269;0.6061113;385.5;0.227157;False;5/31/2026 5:43:07 PM:415;1780224187415;;
716;565;0.4463689;0.6258879;0.5449423;0.5818582;384.6;0.2310918;False;5/31/2026 5:43:07 PM:489;1780224187489;;
768;536;0.4784158;0.5937859;0.5832387;0.4700316;384.5;0.2402194;False;5/31/2026 5:43:07 PM:562;1780224187562;;
824;535;0.5136215;0.5928177;0.6236687;0.5548548;383.6;0.2297738;False;5/31/2026 5:43:07 PM:630;1780224187630;;
854;533;0.5323651;0.5896165;0.6216654;0.5314931;382.8;0.2296203;False;5/31/2026 5:43:07 PM:694;1780224187694;;
855;518;0.5324071;0.5731708;0.5697606;0.4636982;382.2;0.2184299;False;5/31/2026 5:43:07 PM:757;1780224187757;;
855;517;0.5326846;0.572817;0.5718163;0.5673168;381.6;0.2254217;False;5/31/2026 5:43:07 PM:824;1780224187824;;
855;517;0.5328765;0.5725831;0.5717859;0.5673425;381.1;0.2253761;False;5/31/2026 5:43:07 PM:889;1780224187889;;
887;499;0.5523827;0.5528656;0.6435768;0.4413447;381.0;0.2430679;False;5/31/2026 5:43:07 PM:954;1780224187954;;
841;512;0.5237687;0.566667;0.4524627;0.6374567;379.2;0.2244104;False;5/31/2026 5:43:08 PM:17;1780224188017;;
815;520;0.5079203;0.5752935;0.4524455;0.6374413;377.6;0.2245927;False;5/31/2026 5:43:08 PM:81;1780224188081;;
755;519;0.4702016;0.5748862;0.3795176;0.5596492;377.0;0.2198107;False;5/31/2026 5:43:08 PM:144;1780224188144;;
726;519;0.4521877;0.5741423;0.3863869;0.5512103;376.5;0.2197367;False;5/31/2026 5:43:08 PM:206;1780224188206;;
719;519;0.4479299;0.5741572;0.4129635;0.5751087;375.2;0.2198566;False;5/31/2026 5:43:08 PM:269;1780224188269;;
779;499;0.4853987;0.5529261;0.5792896;0.4471414;376.1;0.2181473;False;5/31/2026 5:43:08 PM:334;1780224188334;;
812;488;0.505996;0.5398343;0.5792418;0.4472414;377.0;0.2180464;False;5/31/2026 5:43:08 PM:399;1780224188399;;
846;490;0.5269499;0.5422878;0.6024897;0.566794;376.5;0.2240359;False;5/31/2026 5:43:08 PM:467;1780224188467;;
853;492;0.5313089;0.5443677;0.5708511;0.5693444;376.2;0.2296247;False;5/31/2026 5:43:08 PM:547;1780224188547;;
902;503;0.5622631;0.557461;0.6478983;0.6289912;373.3;0.2224382;False;5/31/2026 5:43:08 PM:638;1780224188638;;
927;510;0.5778111;0.5646855;0.6479045;0.6289743;370.7;0.2223985;False;5/31/2026 5:43:08 PM:723;1780224188723;;
930;501;0.5793166;0.5548679;0.6182536;0.4992035;370.4;0.2223678;False;5/31/2026 5:43:08 PM:802;1780224188802;;
929;471;0.5789196;0.5217534;0.5751197;0.3984243;369.1;0.2438027;False;5/31/2026 5:43:08 PM:868;1780224188868;;
930;460;0.5796164;0.5093126;0.6084234;0.4252058;369.1;0.2281384;False;5/31/2026 5:43:08 PM:933;1780224188933;;
931;453;0.5801176;0.5012455;0.6085292;0.4249666;369.2;0.2283424;False;5/31/2026 5:43:09 PM:0;1780224189000;;
889;472;0.5536612;0.5227739;0.4849427;0.6082533;369.3;0.2338245;False;5/31/2026 5:43:09 PM:74;1780224189074;;
922;472;0.5744732;0.5230528;0.6467291;0.5309684;369.3;0.2359167;False;5/31/2026 5:43:09 PM:161;1780224189161;;
924;485;0.5755435;0.5373387;0.5833999;0.5785788;368.4;0.226807;False;5/31/2026 5:43:13 PM:206;1780224193206;;
829;488;0.5163992;0.5399209;0.4405817;0.5921316;367.3;0.2293695;False;5/31/2026 5:43:13 PM:392;1780224193392;;
820;499;0.5107296;0.5530514;0.471607;0.6457103;365.3;0.2078468;False;5/31/2026 5:43:13 PM:501;1780224193501;;
819;500;0.510516;0.5541838;0.4894248;0.5691296;363.7;0.2131985;False;5/31/2026 5:43:13 PM:579;1780224193579;;
819;504;0.5102829;0.5578167;0.4950895;0.6215952;361.0;0.2265812;False;5/31/2026 5:43:13 PM:681;1780224193681;;
819;505;0.5103998;0.5588456;0.5121941;0.5778968;358.0;0.2351612;False;5/31/2026 5:43:13 PM:760;1780224193760;;
821;505;0.5116614;0.5590367;0.5229641;0.5952442;356.9;0.2341125;False;5/31/2026 5:43:13 PM:898;1780224193898;;
811;505;0.5054217;0.5594869;0.4627437;0.5689943;354.7;0.2310216;False;5/31/2026 5:43:13 PM:967;1780224193967;;
811;506;0.5053498;0.5601988;0.4937883;0.5988746;352.1;0.2291212;False;5/31/2026 5:43:14 PM:32;1780224194032;;
811;506;0.5052978;0.5607006;0.4937893;0.5988762;349.7;0.2291281;False;5/31/2026 5:43:14 PM:96;1780224194096;;
832;506;0.518544;0.5606019;0.5750468;0.5588693;347.1;0.2354589;False;5/31/2026 5:43:14 PM:161;1780224194161;;
833;507;0.5187468;0.5617497;0.5266576;0.6009573;345.6;0.2232835;False;5/31/2026 5:43:14 PM:226;1780224194226;;
833;508;0.5188797;0.5625449;0.5260707;0.5998836;344.2;0.2229199;False;5/31/2026 5:43:14 PM:300;1780224194300;;
842;511;0.5246413;0.5656042;0.567752;0.6237495;342.7;0.2334924;False;5/31/2026 5:43:14 PM:365;1780224194365;;
835;511;0.5202008;0.5659843;0.4895372;0.5938222;341.8;0.2112239;False;5/31/2026 5:43:14 PM:437;1780224194437;;
832;511;0.5186473;0.5662833;0.4965683;0.5735716;341.1;0.2116237;False;5/31/2026 5:43:14 PM:500;1780224194500;;
822;514;0.5123451;0.5690248;0.4703136;0.6197628;341.2;0.2233432;False;5/31/2026 5:43:14 PM:580;1780224194580;;
803;516;0.5002376;0.5710493;0.4397151;0.6220666;340.5;0.2200161;False;5/31/2026 5:43:14 PM:660;1780224194660;;
808;515;0.5031362;0.5701303;0.5251845;0.5587118;340.0;0.2324003;False;5/31/2026 5:43:14 PM:723;1780224194723;;
811;514;0.5050044;0.5695309;0.5251405;0.558935;339.6;0.2324083;False;5/31/2026 5:43:14 PM:785;1780224194785;;
806;514;0.5022995;0.5696367;0.4782228;0.5731487;339.4;0.2222316;False;5/31/2026 5:43:14 PM:926;1780224194926;;
800;514;0.498209;0.5696223;0.4563939;0.5687587;339.2;0.2222067;False;5/31/2026 5:43:14 PM:988;1780224194988;;
780;514;0.4860644;0.5693248;0.4185476;0.5588229;338.8;0.2213887;False;5/31/2026 5:43:15 PM:50;1780224195050;;
779;515;0.4851155;0.5699921;0.4530241;0.590928;339.3;0.2417233;False;5/31/2026 5:43:15 PM:113;1780224195113;;
778;515;0.4844359;0.5704716;0.4530272;0.5909708;339.8;0.2418251;False;5/31/2026 5:43:15 PM:176;1780224195176;;
773;515;0.4814406;0.5705082;0.4356559;0.578034;339.6;0.2266436;False;5/31/2026 5:43:15 PM:240;1780224195240;;
770;515;0.4796408;0.5705708;0.4370068;0.5829545;339.5;0.226782;False;5/31/2026 5:43:15 PM:301;1780224195301;;
801;508;0.4988395;0.5620403;0.5571001;0.4999575;339.5;0.2235238;False;5/31/2026 5:43:15 PM:369;1780224195369;;
801;508;0.4987999;0.5620261;0.4983536;0.5575186;339.3;0.2204803;False;5/31/2026 5:43:15 PM:517;1780224195517;;
785;501;0.489322;0.5552321;0.437245;0.4975989;340.4;0.2221846;False;5/31/2026 5:43:15 PM:602;1780224195602;;
785;504;0.4892444;0.558091;0.4725281;0.5905477;339.4;0.2319566;False;5/31/2026 5:43:15 PM:665;1780224195665;;
780;504;0.4858794;0.5580545;0.4442794;0.5495515;338.2;0.2222973;False;5/31/2026 5:43:15 PM:732;1780224195732;;
776;504;0.4836961;0.5580516;0.444206;0.5511811;337.2;0.2224682;False;5/31/2026 5:43:15 PM:794;1780224195794;;
776;505;0.4834881;0.5594064;0.4809452;0.5815458;337.9;0.2273379;False;5/31/2026 5:43:15 PM:881;1780224195881;;
809;510;0.5041834;0.5644407;0.569355;0.6170088;339.4;0.2005798;False;5/31/2026 5:43:15 PM:950;1780224195950;;
827;513;0.5149503;0.5681829;0.5678294;0.6215211;340.8;0.2005028;False;5/31/2026 5:43:16 PM:14;1780224196014;;
818;513;0.509522;0.5684004;0.471166;0.5813544;341.8;0.2062704;False;5/31/2026 5:43:16 PM:83;1780224196083;;
820;159;0.5110541;0.176787;0.5199787;0.04336421;401.9;0.201389;False;5/31/2026 5:43:18 PM:732;1780224198732;;
819;156;0.5105565;0.1730222;0.5007949;0.1296475;456.0;0.2056912;False;5/31/2026 5:43:18 PM:792;1780224198792;;
817;282;0.5091678;0.3123429;0.4895386;0.5148657;516.5;0.1781223;False;5/31/2026 5:43:18 PM:855;1780224198855;;
802;359;0.499529;0.3978412;0.4460372;0.5497323;553.3;0.189806;False;5/31/2026 5:43:18 PM:921;1780224198921;;
795;400;0.4951969;0.4430004;0.4537089;0.5547089;586.3;0.1898706;False;5/31/2026 5:43:18 PM:986;1780224198986;;
638;367;0.3977243;0.4067794;0.3260352;0.3082304;633.1;0.1693817;False;5/31/2026 5:43:20 PM:115;1780224200115;;
578;308;0.3601474;0.3414741;0.2367766;0.126009;675.1;0.1691472;False;5/31/2026 5:43:20 PM:177;1780224200177;;
621;396;0.3868621;0.4380823;0.4526824;0.6077381;690.6;0.1865821;False;5/31/2026 5:43:20 PM:243;1780224200243;;
548;453;0.3417805;0.5020019;0.2229052;0.6435052;702.5;0.1635892;False;5/31/2026 5:43:20 PM:307;1780224200307;;
537;482;0.3347293;0.5332317;0.2755638;0.6350951;713.2;0.1635018;False;5/31/2026 5:43:20 PM:369;1780224200369;;
644;491;0.4013942;0.5432773;0.5130366;0.6022878;720.2;0.2135071;False;5/31/2026 5:43:20 PM:432;1780224200432;;
699;497;0.4354295;0.549831;0.5130645;0.6022608;726.6;0.2136613;False;5/31/2026 5:43:20 PM:498;1780224200498;;
703;519;0.4379012;0.5749693;0.4553808;0.6849659;723.2;0.1737424;False;5/31/2026 5:43:20 PM:565;1780224200565;;
708;535;0.4411551;0.5922465;0.4664566;0.693724;715.9;0.1810706;False;5/31/2026 5:43:20 PM:629;1780224200629;;
715;544;0.4455049;0.6025082;0.4791267;0.6903381;709.4;0.1809915;False;5/31/2026 5:43:20 PM:694;1780224200694;;
715;553;0.4456919;0.6120687;0.4546693;0.7035641;696.2;0.1623097;False;5/31/2026 5:43:20 PM:758;1780224200758;;
682;553;0.4251709;0.6126594;0.3523048;0.6481525;678.0;0.1904785;False;5/31/2026 5:43:20 PM:822;1780224200822;;
667;554;0.4153698;0.6130284;0.3599848;0.6491821;661.7;0.1903077;False;5/31/2026 5:43:20 PM:885;1780224200885;;
680;556;0.4238911;0.6158319;0.468771;0.6798055;645.4;0.1894802;False;5/31/2026 5:43:20 PM:949;1780224200949;;
682;557;0.4248506;0.617071;0.4418248;0.673903;629.5;0.1820568;False;5/31/2026 5:43:21 PM:16;1780224201016;;
682;559;0.4248227;0.6184136;0.4231018;0.6785339;615.2;0.1820859;False;5/31/2026 5:43:21 PM:80;1780224201080;;
682;559;0.424787;0.6194161;0.4222758;0.6429816;595.8;0.2020212;False;5/31/2026 5:43:21 PM:144;1780224201144;;
682;560;0.4247593;0.6201015;0.4221257;0.6429343;578.4;0.2019622;False;5/31/2026 5:43:21 PM:206;1780224201206;;
565;559;0.3523676;0.6183681;0.2782781;0.6087322;556.6;0.204556;False;5/31/2026 5:43:21 PM:515;1780224201515;;
565;555;0.3519283;0.6143757;0.3405934;0.5712445;536.9;0.2039523;False;5/31/2026 5:43:21 PM:585;1780224201585;;
556;554;0.3464841;0.6132151;0.2979091;0.5859311;520.9;0.179803;False;5/31/2026 5:43:21 PM:661;1780224201661;;
429;555;0.2676738;0.614968;0.1318671;0.6405867;507.0;0.1927579;False;5/31/2026 5:43:21 PM:731;1780224201731;;
378;555;0.2354669;0.6149793;0.1418896;0.6168156;494.5;0.1928609;False;5/31/2026 5:43:21 PM:794;1780224201794;;
333;556;0.2079516;0.6157264;0.1204872;0.6363029;483.4;0.1626551;False;5/31/2026 5:43:21 PM:857;1780224201857;;
334;556;0.2083367;0.6154397;0.2159123;0.6044415;476.7;0.1787209;False;5/31/2026 5:43:21 PM:920;1780224201920;;
335;556;0.2088496;0.615088;0.2197001;0.600794;470.6;0.1791082;False;5/31/2026 5:43:21 PM:981;1780224201981;;
301;555;0.1880423;0.6150287;0.1124347;0.6072831;454.4;0.1928473;False;5/31/2026 5:43:22 PM:45;1780224202045;;
282;555;0.1759551;0.6149851;0.1123597;0.607168;439.9;0.1930076;False;5/31/2026 5:43:22 PM:105;1780224202105;;
277;556;0.1730196;0.6150727;0.1353526;0.6200184;440.4;0.1674927;False;5/31/2026 5:43:22 PM:171;1780224202171;;
269;561;0.1676328;0.6213363;0.1172032;0.6790757;436.2;0.1805891;False;5/31/2026 5:43:22 PM:235;1780224202235;;
264;565;0.1649684;0.6251376;0.1226556;0.6757998;432.5;0.1808999;False;5/31/2026 5:43:22 PM:302;1780224202302;;
256;541;0.1599235;0.5988411;0.1063305;0.4955584;429.0;0.1696717;False;5/31/2026 5:43:22 PM:370;1780224202370;;
324;541;0.2019821;0.5993392;0.2691803;0.6136639;426.3;0.1896213;False;5/31/2026 5:43:22 PM:494;1780224202494;;
389;538;0.2428157;0.5959363;0.285118;0.5778667;425.5;0.1856155;False;5/31/2026 5:43:27 PM:771;1780224207771;;
295;542;0.1837419;0.6006389;0.1143156;0.6316304;418.3;0.1810421;False;5/31/2026 5:43:27 PM:930;1780224207930;;
664;542;0.4139853;0.6001141;0.5722324;0.5870935;406.9;0.2071237;False;5/31/2026 5:43:28 PM:30;1780224208030;;
744;546;0.4638377;0.6040451;0.4985972;0.6281796;397.5;0.2013052;False;5/31/2026 5:43:29 PM:513;1780224209513;;
744;546;0.4637636;0.6042298;0.4626984;0.6110099;388.9;0.2008187;False;5/31/2026 5:43:29 PM:591;1780224209591;;
743;544;0.4629999;0.6025292;0.4554898;0.5849386;382.9;0.2218708;False;5/31/2026 5:43:29 PM:734;1780224209734;;
739;542;0.46062;0.5996826;0.4347489;0.5598226;377.5;0.2204912;False;5/31/2026 5:43:29 PM:798;1780224209798;;
734;533;0.4575459;0.5902384;0.439423;0.5481523;373.7;0.2265907;False;5/31/2026 5:43:31 PM:35;1780224211035;;
734;533;0.4573581;0.5896773;0.4496744;0.5708124;370.3;0.2210011;False;5/31/2026 5:43:31 PM:99;1780224211099;;
669;540;0.4170411;0.5983324;0.366641;0.6207461;364.3;0.2011908;False;5/31/2026 5:43:37 PM:428;1780224217428;;
669;541;0.4168982;0.598501;0.367705;0.6120958;358.9;0.2011418;False;5/31/2026 5:43:37 PM:494;1780224217494;;
661;540;0.412063;0.5977387;0.3643504;0.5937809;357.4;0.2254603;False;5/31/2026 5:43:47 PM:397;1780224227397;;
630;539;0.3924548;0.5964128;0.30229;0.5694259;356.3;0.2156889;False;5/31/2026 5:43:47 PM:481;1780224227481;;
621;540;0.3870976;0.5978804;0.3176693;0.6215622;355.3;0.2127288;False;5/31/2026 5:43:47 PM:550;1780224227550;;
618;541;0.3849843;0.5985201;0.3234179;0.6173437;354.5;0.2127275;False;5/31/2026 5:43:47 PM:613;1780224227613;;
583;541;0.3634059;0.5986649;0.2633137;0.6095929;355.8;0.2054158;False;5/31/2026 5:43:47 PM:684;1780224227684;;
581;541;0.3618291;0.5985103;0.3022602;0.5917633;354.0;0.2147411;False;5/31/2026 5:43:47 PM:755;1780224227755;;
566;526;0.3528826;0.5819263;0.2712994;0.4914033;356.1;0.2140491;False;5/31/2026 5:43:47 PM:821;1780224227821;;
560;517;0.3492871;0.5723083;0.2796847;0.4940201;358.1;0.2143573;False;5/31/2026 5:43:47 PM:886;1780224227886;;
518;517;0.3226314;0.5723982;0.2121239;0.5743156;359.4;0.1956787;False;5/31/2026 5:43:47 PM:953;1780224227953;;
497;517;0.3099254;0.5722724;0.220541;0.5626395;360.6;0.196022;False;5/31/2026 5:43:48 PM:20;1780224228020;;
497;517;0.3095402;0.5722966;0.2565114;0.5731815;361.8;0.2117627;False;5/31/2026 5:43:48 PM:87;1780224228087;;
560;517;0.3491136;0.5724236;0.4272592;0.5773606;363.3;0.1963553;False;5/31/2026 5:43:48 PM:153;1780224228153;;
479;517;0.2982584;0.5724204;0.1773724;0.5664645;363.3;0.1941949;False;5/31/2026 5:43:48 PM:230;1780224228230;;
461;517;0.2871617;0.5720286;0.2170557;0.5548453;363.2;0.2027756;False;5/31/2026 5:43:48 PM:311;1780224228311;;
446;514;0.277956;0.5686817;0.2494048;0.5585087;363.3;0.2115686;False;5/31/2026 5:44:37 PM:25;1780224277025;;
492;514;0.3069473;0.5694941;0.3611279;0.5821112;365.8;0.2074422;False;5/31/2026 5:44:37 PM:169;1780224277169;;
496;512;0.3094392;0.567444;0.3347861;0.533929;360.9;0.2330653;False;5/31/2026 5:44:37 PM:237;1780224277237;;
499;511;0.3111118;0.5660678;0.3352126;0.5337991;356.5;0.2334669;False;5/31/2026 5:44:37 PM:304;1780224277304;;
492;516;0.3066604;0.5716233;0.2807644;0.6094183;351.9;0.2085953;False;5/31/2026 5:44:37 PM:431;1780224277431;;
493;519;0.3070897;0.5747417;0.3166363;0.618701;347.7;0.2075686;False;5/31/2026 5:44:37 PM:499;1780224277499;;
462;484;0.2881946;0.5362131;0.2186761;0.4119875;344.3;0.2092654;False;5/31/2026 5:44:37 PM:569;1780224277569;;
425;485;0.2648191;0.5369467;0.1825772;0.5570599;341.3;0.1944492;False;5/31/2026 5:44:37 PM:635;1780224277635;;
403;485;0.2511276;0.5374503;0.182518;0.5570596;338.7;0.1944104;False;5/31/2026 5:44:37 PM:699;1780224277699;;
394;485;0.2453943;0.5372867;0.1935151;0.5307867;337.1;0.1941485;False;5/31/2026 5:44:37 PM:762;1780224277762;;
387;485;0.241564;0.5371696;0.1933578;0.5307269;335.7;0.1940212;False;5/31/2026 5:44:37 PM:826;1780224277826;;
386;485;0.2409372;0.5371255;0.2236321;0.5330109;335.3;0.2002171;False;5/31/2026 5:44:37 PM:905;1780224277905;;
306;506;0.190583;0.5601763;0.09660082;0.6447676;332.2;0.2049336;False;5/31/2026 5:44:38 PM:30;1780224278030;;
292;510;0.1821827;0.5651543;0.1174;0.6316034;329.4;0.2058021;False;5/31/2026 5:44:38 PM:92;1780224278092;;
295;511;0.1837295;0.5653773;0.1945351;0.600845;327.2;0.2000168;False;5/31/2026 5:44:38 PM:167;1780224278167;;
296;518;0.1843545;0.5731841;0.1920203;0.655336;325.3;0.194806;False;5/31/2026 5:44:38 PM:233;1780224278233;;
296;522;0.1847166;0.5785138;0.1914483;0.6572645;323.6;0.1947449;False;5/31/2026 5:44:38 PM:296;1780224278296;;
306;524;0.1907162;0.5802365;0.2159701;0.5955985;323.3;0.2028218;False;5/31/2026 5:44:38 PM:552;1780224278552;;
315;524;0.1964923;0.580663;0.2361381;0.5919724;322.9;0.203361;False;5/31/2026 5:44:38 PM:664;1780224278664;;
332;522;0.2070887;0.5782954;0.2661663;0.5535579;322.9;0.1919027;False;5/31/2026 5:44:38 PM:750;1780224278750;;
342;521;0.2129897;0.5769052;0.2660688;0.5535655;322.9;0.1918263;False;5/31/2026 5:44:38 PM:831;1780224278831;;
322;472;0.2005824;0.5227125;0.1557966;0.3709592;322.0;0.1999583;False;5/31/2026 5:44:38 PM:902;1780224278902;;
532;474;0.331715;0.5253156;0.4699935;0.5540066;321.5;0.2048237;False;5/31/2026 5:44:38 PM:996;1780224278996;;
678;489;0.4227125;0.5419289;0.531114;0.6227238;320.3;0.219282;False;5/31/2026 5:44:39 PM:93;1780224279093;;
807;495;0.5027856;0.5479271;0.5843995;0.601496;318.8;0.2256959;False;5/31/2026 5:44:39 PM:259;1780224279259;;
796;489;0.4960906;0.5412076;0.4495644;0.4996249;317.1;0.2297306;False;5/31/2026 5:44:39 PM:341;1780224279341;;
789;487;0.4915389;0.5391436;0.447105;0.5131997;315.7;0.2297812;False;5/31/2026 5:44:39 PM:423;1780224279423;;
785;440;0.4889966;0.4871705;0.4516421;0.3667786;315.8;0.2220569;False;5/31/2026 5:44:39 PM:546;1780224279546;;
784;409;0.4883732;0.4530281;0.4719274;0.3212278;315.9;0.2212044;False;5/31/2026 5:44:39 PM:619;1780224279619;;
783;397;0.4878664;0.4396252;0.4581978;0.3382846;315.1;0.2371856;False;5/31/2026 5:44:39 PM:684;1780224279684;;
812;417;0.5060542;0.4623748;0.566748;0.5523709;314.2;0.2197318;False;5/31/2026 5:44:39 PM:747;1780224279747;;
836;432;0.520807;0.4787541;0.5721279;0.5516238;313.4;0.2187629;False;5/31/2026 5:44:39 PM:834;1780224279834;;
837;463;0.5212098;0.5122125;0.5323612;0.6379953;311.7;0.2156642;False;5/31/2026 5:44:39 PM:901;1780224279901;;
819;465;0.5101493;0.5148469;0.4550917;0.5610666;310.8;0.2074803;False;5/31/2026 5:44:39 PM:966;1780224279966;;
819;467;0.5101464;0.5170385;0.5099768;0.5645279;310.0;0.2252664;False;5/31/2026 5:44:40 PM:30;1780224280030;;
819;468;0.510128;0.5179443;0.5047179;0.5582014;309.4;0.2257636;False;5/31/2026 5:44:40 PM:94;1780224280094;;
794;469;0.4947352;0.5188783;0.4268975;0.5616614;309.9;0.2150377;False;5/31/2026 5:44:40 PM:157;1780224280157;;
779;469;0.4851425;0.519037;0.4262178;0.5547451;310.4;0.2154881;False;5/31/2026 5:44:40 PM:220;1780224280220;;
778;471;0.4846451;0.5211272;0.4600731;0.5760382;309.7;0.2034215;False;5/31/2026 5:44:40 PM:285;1780224280285;;
777;471;0.4844312;0.5215965;0.4793207;0.5494366;310.3;0.2047336;False;5/31/2026 5:44:40 PM:347;1780224280347;;
778;471;0.4848599;0.5218222;0.4907428;0.5595915;310.9;0.2039151;False;5/31/2026 5:44:40 PM:427;1780224280427;;
771;474;0.480563;0.524774;0.4398582;0.5866892;311.2;0.2159391;False;5/31/2026 5:44:40 PM:491;1780224280491;;
769;448;0.4789248;0.4962965;0.4475574;0.3932657;310.9;0.2143046;False;5/31/2026 5:44:40 PM:553;1780224280553;;
767;433;0.477789;0.4792328;0.4475618;0.3932569;310.6;0.2142763;False;5/31/2026 5:44:40 PM:615;1780224280615;;
767;416;0.4777078;0.4606304;0.4558712;0.3652945;310.2;0.2172714;False;5/31/2026 5:44:40 PM:681;1780224280681;;
766;420;0.477396;0.4646102;0.4679163;0.5064721;309.6;0.2217685;False;5/31/2026 5:44:40 PM:744;1780224280744;;
766;422;0.4771736;0.4673192;0.4679041;0.50646;309.1;0.2216195;False;5/31/2026 5:44:40 PM:810;1780224280810;;
764;450;0.4759292;0.4987546;0.4475768;0.6253437;308.9;0.2153998;False;5/31/2026 5:44:40 PM:876;1780224280876;;
762;451;0.4750597;0.4989993;0.4473127;0.5259268;308.9;0.2057803;False;5/31/2026 5:44:40 PM:941;1780224280941;;
761;454;0.4740861;0.5026008;0.4451203;0.556673;308.9;0.2042094;False;5/31/2026 5:44:41 PM:23;1780224281023;;
758;455;0.4720401;0.5043709;0.4334428;0.5549703;309.9;0.2196734;False;5/31/2026 5:44:41 PM:87;1780224281087;;
758;463;0.4720014;0.5123509;0.471559;0.5915834;308.3;0.2077774;False;5/31/2026 5:44:41 PM:169;1780224281169;;
757;448;0.471792;0.4962516;0.4642619;0.4237579;307.6;0.2086881;False;5/31/2026 5:44:41 PM:235;1780224281235;;
757;438;0.4716608;0.4847929;0.4681762;0.4240032;306.9;0.2074681;False;5/31/2026 5:44:41 PM:320;1780224281320;;
757;449;0.4713792;0.4972978;0.4555542;0.5775331;306.7;0.2019672;False;5/31/2026 5:44:41 PM:387;1780224281387;;
756;409;0.4713087;0.4528459;0.4621115;0.3158176;306.3;0.22961;False;5/31/2026 5:44:41 PM:452;1780224281452;;
756;386;0.4712588;0.4275659;0.4621115;0.3158172;305.9;0.2296099;False;5/31/2026 5:44:41 PM:515;1780224281515;;
756;415;0.4711872;0.4595978;0.4641286;0.5779291;305.6;0.2110998;False;5/31/2026 5:44:41 PM:582;1780224281582;;
756;433;0.4710464;0.4790451;0.4585668;0.5733999;305.9;0.2130203;False;5/31/2026 5:44:41 PM:660;1780224281660;;
756;449;0.4710625;0.4972067;0.4715669;0.6036935;306.9;0.2100982;False;5/31/2026 5:44:41 PM:725;1780224281725;;
756;460;0.4710736;0.509065;0.4715499;0.60372;307.9;0.2099913;False;5/31/2026 5:44:41 PM:792;1780224281792;;
754;463;0.4696741;0.5130608;0.4461166;0.5849706;307.7;0.2114742;False;5/31/2026 5:44:41 PM:858;1780224281858;;
752;465;0.4686926;0.5152461;0.4454487;0.581859;307.6;0.2123292;False;5/31/2026 5:44:41 PM:919;1780224281919;;
746;466;0.4650811;0.5163611;0.4272828;0.5768138;307.6;0.2156634;False;5/31/2026 5:44:41 PM:996;1780224281996;;
740;468;0.4612162;0.5184632;0.424551;0.5823574;307.0;0.231839;False;5/31/2026 5:44:42 PM:136;1780224282136;;
739;469;0.4603937;0.5196181;0.4276016;0.5562989;306.6;0.2230304;False;5/31/2026 5:44:42 PM:198;1780224282198;;
738;467;0.459917;0.5167772;0.4308614;0.5021598;306.4;0.221515;False;5/31/2026 5:44:42 PM:355;1780224282355;;
737;467;0.4593805;0.5176577;0.4442739;0.5517041;306.3;0.2166342;False;5/31/2026 5:44:42 PM:421;1780224282421;;
740;483;0.4612795;0.5353723;0.4766466;0.6401112;306.4;0.212112;False;5/31/2026 5:44:42 PM:490;1780224282490;;
741;485;0.4616452;0.5366611;0.4672082;0.5843909;305.3;0.2072599;False;5/31/2026 5:44:42 PM:571;1780224282571;;
745;486;0.4641707;0.5382371;0.4891664;0.5926934;305.0;0.2184037;False;5/31/2026 5:44:42 PM:635;1780224282635;;
749;487;0.4667292;0.5391135;0.4934792;0.5894326;304.6;0.2174461;False;5/31/2026 5:44:42 PM:711;1780224282711;;
758;464;0.4721147;0.5142098;0.5153961;0.4224152;304.6;0.2221861;False;5/31/2026 5:44:42 PM:779;1780224282779;;
757;480;0.4717436;0.5309775;0.4678657;0.6091558;304.5;0.2284;False;5/31/2026 5:44:42 PM:944;1780224282944;;
757;484;0.4717608;0.5354313;0.4753349;0.6096498;304.4;0.224916;False;5/31/2026 5:44:43 PM:9;1780224283009;;
757;459;0.4717845;0.5083466;0.4747728;0.4344604;304.1;0.237651;False;5/31/2026 5:44:43 PM:130;1780224283130;;
756;437;0.4712197;0.4836515;0.460552;0.3875372;303.8;0.2366319;False;5/31/2026 5:44:43 PM:213;1780224283213;;
759;434;0.4731158;0.4810178;0.4963112;0.4390047;303.6;0.2187448;False;5/31/2026 5:44:43 PM:286;1780224283286;;
759;423;0.4731311;0.4683927;0.4791814;0.3836072;303.9;0.2370335;False;5/31/2026 5:44:43 PM:363;1780224283363;;
759;423;0.4731414;0.4681288;0.4782006;0.4432929;304.2;0.2379244;False;5/31/2026 5:44:43 PM:427;1780224283427;;
760;457;0.4733678;0.5059729;0.4822316;0.5790287;304.1;0.2297309;False;5/31/2026 5:44:43 PM:720;1780224283720;;
760;461;0.4734037;0.5099799;0.4755784;0.5694595;304.0;0.2278163;False;5/31/2026 5:44:43 PM:787;1780224283787;;
746;443;0.4651261;0.4906129;0.4441052;0.4541412;341.9;0.2615001;False;5/31/2026 5:44:51 PM:50;1780224291050;;
749;375;0.4664087;0.4150974;0.4794661;0.2168763;376.0;0.2511431;False;5/31/2026 5:44:51 PM:112;1780224291112;;
748;407;0.4660166;0.4502544;0.4473969;0.5698245;391.6;0.2540104;False;5/31/2026 5:44:51 PM:176;1780224291176;;
746;424;0.4650156;0.4696192;0.4393484;0.5643357;415.5;0.1909423;False;5/31/2026 5:44:51 PM:241;1780224291241;;
745;436;0.4642747;0.4824091;0.4387301;0.5683762;437.0;0.1908889;False;5/31/2026 5:44:51 PM:305;1780224291305;;
759;461;0.4726835;0.5101162;0.4919371;0.5785269;426.9;0.2054983;False;5/31/2026 5:44:53 PM:34;1780224293034;;
759;469;0.4729164;0.519183;0.4917319;0.6208273;417.8;0.2072574;False;5/31/2026 5:44:53 PM:110;1780224293110;;
764;475;0.4759142;0.5258249;0.5147572;0.6264917;408.9;0.2021339;False;5/31/2026 5:44:53 PM:177;1780224293177;;
764;476;0.4759538;0.5272353;0.497317;0.6092239;399.3;0.2165368;False;5/31/2026 5:44:53 PM:245;1780224293245;;
764;477;0.475983;0.5282169;0.4973024;0.6092444;390.7;0.2164659;False;5/31/2026 5:44:53 PM:311;1780224293311;;
765;448;0.4765482;0.4963845;0.491857;0.4439055;386.1;0.1944825;False;5/31/2026 5:44:53 PM:626;1780224293626;;
766;448;0.4770639;0.4964574;0.501016;0.5038043;382.0;0.1951242;False;5/31/2026 5:44:53 PM:688;1780224293688;;
766;435;0.4773569;0.4816133;0.4847992;0.4041624;379.1;0.1934792;False;5/31/2026 5:44:53 PM:774;1780224293774;;
766;434;0.477387;0.4806114;0.4922731;0.4499008;373.6;0.2042686;False;5/31/2026 5:44:53 PM:861;1780224293861;;
766;433;0.4774081;0.4799864;0.4922635;0.4499222;368.6;0.2042427;False;5/31/2026 5:44:53 PM:945;1780224293945;;
766;394;0.4775331;0.4364976;0.4789124;0.3391361;364.1;0.1946991;False;5/31/2026 5:44:54 PM:263;1780224294263;;
759;394;0.4731334;0.4367076;0.441628;0.438558;361.7;0.1948646;False;5/31/2026 5:44:54 PM:342;1780224294342;;
756;394;0.4712592;0.4365104;0.4474454;0.396122;359.5;0.1951223;False;5/31/2026 5:44:54 PM:427;1780224294427;;
756;395;0.4709974;0.4379376;0.455981;0.453344;356.9;0.1801922;False;5/31/2026 5:44:54 PM:492;1780224294492;;
767;428;0.4778593;0.4736626;0.5071594;0.5606576;354.7;0.1805869;False;5/31/2026 5:44:54 PM:646;1780224294646;;
766;441;0.4774995;0.4879674;0.4688492;0.5809326;352.7;0.1844417;False;5/31/2026 5:44:54 PM:710;1780224294710;;
765;428;0.4769319;0.4739929;0.4642261;0.4000915;350.9;0.1907618;False;5/31/2026 5:44:54 PM:775;1780224294775;;
763;433;0.4751155;0.4792234;0.4499721;0.5359395;350.5;0.1783245;False;5/31/2026 5:44:54 PM:840;1780224294840;;
760;439;0.4735211;0.4861952;0.4486276;0.5519175;350.1;0.1788615;False;5/31/2026 5:44:54 PM:919;1780224294919;;
754;490;0.4697191;0.5420429;0.4319169;0.6994279;347.2;0.20823;False;5/31/2026 5:44:55 PM:0;1780224295000;;
753;490;0.4694434;0.5422214;0.4613485;0.545164;346.7;0.187742;False;5/31/2026 5:44:55 PM:80;1780224295080;;
754;424;0.4696888;0.46949;0.4739554;0.3038762;344.4;0.1792039;False;5/31/2026 5:44:55 PM:146;1780224295146;;
754;389;0.4698519;0.4310892;0.4739603;0.3039269;342.3;0.1791731;False;5/31/2026 5:44:55 PM:210;1780224295210;;
754;424;0.4696331;0.4699513;0.4580513;0.6063614;339.9;0.1883499;False;5/31/2026 5:44:55 PM:276;1780224295276;;
754;442;0.4695385;0.4896631;0.4594823;0.5953271;338.3;0.1949284;False;5/31/2026 5:44:55 PM:345;1780224295345;;
753;453;0.4694632;0.5020147;0.4591663;0.5978672;336.8;0.195009;False;5/31/2026 5:44:55 PM:409;1780224295409;;
753;458;0.469175;0.5067824;0.4553371;0.5750378;335.8;0.1982667;False;5/31/2026 5:44:55 PM:499;1780224295499;;
753;447;0.4691268;0.4946656;0.467642;0.4418229;332.5;0.2006086;False;5/31/2026 5:44:55 PM:588;1780224295588;;
753;460;0.4691247;0.5094428;0.469029;0.6028075;331.9;0.1773153;False;5/31/2026 5:44:55 PM:661;1780224295661;;
753;466;0.469105;0.5164431;0.46714;0.5916846;330.1;0.1881645;False;5/31/2026 5:44:55 PM:735;1780224295735;;
753;471;0.4690938;0.5212162;0.4665116;0.5962744;328.6;0.1876855;False;5/31/2026 5:44:55 PM:800;1780224295800;;
737;479;0.4593089;0.530042;0.4045987;0.6247842;327.8;0.2040396;False;5/31/2026 5:44:55 PM:865;1780224295865;;
1082;152;0.6737394;0.169133;0.7428744;0.0541475;323.4;0.2231749;False;5/31/2026 5:45:18 PM:947;1780224318947;;
1084;152;0.6751207;0.1682637;0.7325794;0.05332468;319.5;0.2231888;False;5/31/2026 5:45:19 PM:9;1780224319009;;
896;363;0.5580984;0.4023101;0.4288418;0.6442848;316.3;0.2300378;False;5/31/2026 5:45:19 PM:75;1780224319075;;
767;443;0.4775993;0.490901;0.3768916;0.6252463;314.6;0.20389;False;5/31/2026 5:45:19 PM:139;1780224319139;;
709;482;0.4414912;0.5332819;0.3768462;0.6252664;313.1;0.2038852;False;5/31/2026 5:45:19 PM:204;1780224319204;;
685;507;0.4268429;0.5612345;0.3864808;0.6415721;311.3;0.2098817;False;5/31/2026 5:45:19 PM:267;1780224319267;;
672;522;0.4184334;0.5774592;0.386537;0.6415969;309.6;0.2099573;False;5/31/2026 5:45:19 PM:330;1780224319330;;
659;537;0.4107793;0.5943188;0.3789321;0.6628795;309.3;0.2129021;False;5/31/2026 5:45:19 PM:405;1780224319405;;
660;555;0.4110861;0.6139497;0.422843;0.6842803;307.7;0.2074686;False;5/31/2026 5:45:19 PM:530;1780224319530;;
641;560;0.3994478;0.6200445;0.3773562;0.650004;305.6;0.1975219;False;5/31/2026 5:45:26 PM:842;1780224326842;;
674;560;0.4199389;0.620299;0.458432;0.6511022;306.4;0.2035669;False;5/31/2026 5:45:27 PM:146;1780224327146;;
677;561;0.4220352;0.6206682;0.4532497;0.6384392;307.1;0.2019828;False;5/31/2026 5:45:27 PM:214;1780224327214;;
681;561;0.4245401;0.620822;0.4604859;0.6248727;306.8;0.2047925;False;5/31/2026 5:45:27 PM:282;1780224327282;;
672;559;0.4184907;0.6190157;0.3876131;0.5974079;306.5;0.2023937;False;5/31/2026 5:45:27 PM:364;1780224327364;;
667;559;0.4156061;0.6185693;0.3891061;0.6056256;306.3;0.2027348;False;5/31/2026 5:45:27 PM:432;1780224327432;;
661;560;0.4116798;0.6200461;0.3762678;0.6498173;307.0;0.1786627;False;5/31/2026 5:45:27 PM:496;1780224327496;;
660;560;0.4113638;0.6198164;0.3962263;0.6114912;308.1;0.1497692;False;5/31/2026 5:45:27 PM:559;1780224327559;;
660;560;0.4111334;0.619652;0.3961746;0.6114854;309.1;0.1497511;False;5/31/2026 5:45:27 PM:624;1780224327624;;
664;560;0.4139132;0.6198782;0.4380946;0.6314489;309.9;0.1610363;False;5/31/2026 5:45:27 PM:690;1780224327690;;
667;560;0.4153531;0.6205143;0.4353251;0.6414123;310.4;0.1585948;False;5/31/2026 5:45:27 PM:757;1780224327757;;
668;561;0.4163592;0.6209798;0.4352675;0.6414689;310.9;0.158737;False;5/31/2026 5:45:27 PM:828;1780224327828;;
667;561;0.4153825;0.6210682;0.4041182;0.6271783;311.0;0.1543678;False;5/31/2026 5:45:27 PM:953;1780224327953;;
667;561;0.4156817;0.621093;0.4254469;0.6284516;311.2;0.1548296;False;5/31/2026 5:45:28 PM:17;1780224328017;;
667;560;0.4155966;0.620263;0.4129257;0.6087353;310.6;0.2010026;False;5/31/2026 5:45:28 PM:246;1780224328246;;
669;560;0.416627;0.6202143;0.4345281;0.6132985;310.0;0.2022388;False;5/31/2026 5:45:28 PM:311;1780224328311;;
636;560;0.3965164;0.6200916;0.3256283;0.6094986;308.6;0.1934289;False;5/31/2026 5:45:28 PM:378;1780224328378;;
635;564;0.3956512;0.624568;0.3830848;0.6532464;309.4;0.1545113;False;5/31/2026 5:45:28 PM:738;1780224328738;;
639;565;0.3979489;0.6252589;0.4208916;0.65531;310.1;0.1549972;False;5/31/2026 5:45:28 PM:802;1780224328802;;
639;567;0.3982202;0.6279711;0.40673;0.6781104;311.0;0.1608897;False;5/31/2026 5:45:28 PM:865;1780224328865;;
639;569;0.3984034;0.6297926;0.4066747;0.6780671;311.8;0.1608675;False;5/31/2026 5:45:28 PM:928;1780224328928;;
639;569;0.3984085;0.629877;0.3992252;0.6315445;312.2;0.1505573;False;5/31/2026 5:45:28 PM:995;1780224328995;;
639;569;0.3983467;0.629537;0.3947904;0.6226659;313.3;0.1599066;False;5/31/2026 5:45:29 PM:60;1780224329060;;
639;568;0.3983032;0.6293102;0.3947236;0.62262;314.2;0.1598831;False;5/31/2026 5:45:29 PM:122;1780224329122;;
644;568;0.4013455;0.6293237;0.4318794;0.6303846;314.9;0.1489778;False;5/31/2026 5:45:29 PM:186;1780224329186;;
650;568;0.4051628;0.6287553;0.4426057;0.6133575;316.0;0.1681326;False;5/31/2026 5:45:29 PM:251;1780224329251;;
654;568;0.4076761;0.6283624;0.4426195;0.6133332;317.0;0.1680609;False;5/31/2026 5:45:29 PM:313;1780224329313;;
657;568;0.4092037;0.6283528;0.4409528;0.6237584;317.0;0.1637612;False;5/31/2026 5:45:29 PM:378;1780224329378;;
657;563;0.409236;0.6234325;0.4298523;0.5693285;318.1;0.1456194;False;5/31/2026 5:45:29 PM:443;1780224329443;;
657;560;0.4092613;0.620215;0.4298611;0.5693151;319.1;0.1455757;False;5/31/2026 5:45:29 PM:506;1780224329506;;
658;560;0.4101349;0.6201113;0.4389888;0.5954009;321.3;0.1461643;False;5/31/2026 5:45:29 PM:579;1780224329579;;
662;562;0.4122058;0.6217611;0.4386809;0.630033;323.0;0.1582068;False;5/31/2026 5:45:32 PM:740;1780224332740;;
